HQ ID,Ecosystem Area,Asset Type,Asset / Idea,Topic / Cluster,Primary Channel,Secondary Channels,Format,Stage,Priority,Next Action,Blocked By,Owner,Calendar Use,Publish URL,Source / Evidence,Notes,Short Description,Seasonality,Planning Month,Target Publish Date,Susy Input,Last Updated,Last Posted Date,Last Checked,Metric Snapshot,Work Date,Pillar,Audience,CTA / Goal,Copy / Captions,Examples,Affiliate Angle,Missing / Incomplete Items,Last Optimized Date,Canva Design URL,Canva Template URL,Visual Asset Status
BW-HQ-001,System,Operating System,Bloom Whispers Content HQ,All,Codex,"Spreadsheet, Dashboard",Tracker,In Production,P0 - active this week,Create first tracker and use it as weekly source of truth,,Codex,Weekly review block,,docs/brands/bloom-whispers/content-hq/bloom-whispers-content-hq.csv,"This tracker is the control room, not another idea graveyard.","This tracker is the control room, not another idea graveyard.",Evergreen,,,,2026-08-18,,,,,,,,,,,,
BW-HQ-002,Capture,Inbox,Apple Notes idea inbox,All,Apple Notes,Codex,Voice notes,Captured,P0 - active this week,Create Notes folder named Bloom Whispers - Idea Inbox,,Susy,None,,docs/brands/bloom-whispers/content-hq/README.md,Use voice capture. Messy is fine.,Use voice capture. Messy is fine.,Evergreen,August 2026,,Create Apple Notes folder: Bloom Whispers - Idea Inbox,2026-08-18,,,,,,,,,,,,
BW-HQ-003,Planning,Calendar,Bloom Whispers Apple Calendar,All,Apple Calendar,Codex,Calendar,Captured,P0 - active this week,"Create Bloom Whispers calendar and add only work blocks, publish dates, and review dates",,Susy,Create calendar,,docs/brands/bloom-whispers/content-hq/README.md,"Calendar is for time reality, not all ideas.","Calendar is for time reality, not all ideas.",Evergreen,August 2026,,"Create Bloom Whispers calendar for work blocks, publish dates, and review dates",2026-08-18,,,,,,,,,,,,
BW-HQ-004,Website,Conversion,Email and list capture integration,Email / quiz / guide,Website,Email platform,Integration,Hold,P1 - next best move,Choose email platform and wire real forms,Email platform not selected,Susy + Codex,Schedule after platform decision,,docs/brands/bloom-whispers/README.md,Current forms are placeholder smoke-test surfaces.,Current forms are placeholder smoke-test surfaces.,Evergreen,,,,2026-08-13,,,,,,,,,,,,
BW-HQ-005,Measurement,Analytics,"Expanded quiz, guide, letter, podcast, contact tracking",Analytics,Website,Dashboard,Tracking,Hold,P1 - next best move,Define events and implement tracking after capture path is selected,Email/list path not final,Codex,Schedule implementation block,,docs/brands/bloom-whispers/README.md,Needed before serious funnel readout.,Needed before serious funnel readout.,Evergreen,,,,2026-08-13,,,,,,,,,,,,
BW-HQ-010,Blog,Article,Queen Anne's Lace Uses: What To Do With This Wildflower And What Not To Do,Queen Anne's Lace,Website,"Pinterest, Instagram, Affiliate",Satellite article,Editor Review,P0 - active this week,"Run editor review, revise if needed, prepare publisher brief",Needs editor approval,Codex,Add production/edit block,,docs/brands/bloom-whispers/content-pipeline/queen-annes-lace/satellites/queen-annes-lace-uses/writer-draft-v2.md,Forgotten ready draft. High-value rescue.,Forgotten ready draft. High-value rescue.,Evergreen,August 2026,,,2026-06-09,,,,,Queen Anne’s Lace,Flower meaning readers who need safe wildflower guidance,Publish rescue draft and feed Pinterest/Instagram repurposing,,,,,
BW-HQ-011,Blog,Article,"Dandelion Facts: The Weed That Became A Wish, A Clock, And A Tiny Flying Machine",Dandelion,Website,"Pinterest, Instagram, Podcast",Pillar article,Research Complete,P1 - next best move,Create article brief and draft from dossier,Needs selection/approval,Codex,Add article drafting block,,docs/brands/bloom-whispers/dandelion-research-dossier-2026-08-09.md,Strongest not-yet-produced research package.,Strongest not-yet-produced research package.,Evergreen,,,Approve the dandelion article angle,2026-08-09,,,,,,,,,,,,
BW-HQ-012,Blog,Article,Dandelion Meaning,Dandelion,Website,"Pinterest, Instagram",Satellite article,Idea Bank,P2 - strong backlog,Create brief after main dandelion article direction is approved,Main dandelion pillar not drafted,Codex,None yet,,docs/brands/bloom-whispers/dandelion-research-dossier-2026-08-09.md,"Wishes, resilience, overlooked beauty.","Wishes, resilience, overlooked beauty.",Evergreen,,,,2026-08-09,,,,,,,,,,,,
BW-HQ-013,Blog,Article,Are Dandelions Good For Bees?,Dandelion,Website,Pinterest,Satellite article,Idea Bank,P2 - strong backlog,Create nuanced ecology brief,Needs source-care pass,Codex,None yet,,docs/brands/bloom-whispers/dandelion-research-dossier-2026-08-09.md,Do not flatten into dandelions save bees.,Do not flatten into dandelions save bees.,Evergreen,,,,2026-08-09,,,,,,,,,,,,
BW-HQ-014,Blog,Article,Dandelion Seed Facts,Dandelion,Website,"Pinterest, Instagram",Satellite article,Idea Bank,P2 - strong backlog,Build science-led brief around vortex ring and seed flight,Needs science simplification,Codex,None yet,,docs/brands/bloom-whispers/dandelion-research-dossier-2026-08-09.md,Useful as carousel and pin support.,Useful as carousel and pin support.,Evergreen,,,,2026-08-09,,,,,,,,,,,,
BW-HQ-015,Blog,Article,Dandelion Names Around The World,Dandelion,Website,"Pinterest, Instagram",Satellite article,Idea Bank,P3 - someday / parking lot,Hold until main dandelion package is published,Main dandelion pillar not drafted,Codex,None yet,,docs/brands/bloom-whispers/dandelion-research-dossier-2026-08-09.md,Name and folklore angle.,Name and folklore angle.,Evergreen,,,,2026-08-09,,,,,,,,,,,,
BW-HQ-016,Blog,Article,Dandelion Uses,Dandelion,Website,"Pinterest, Affiliate",Satellite article,Idea Bank,P3 - someday / parking lot,Only pursue with careful safety and historical framing,Safety-sensitive,Codex,None yet,,docs/brands/bloom-whispers/dandelion-research-dossier-2026-08-09.md,"No foraging, supplement, or medical advice.","No foraging, supplement, or medical advice.",Evergreen,,,,2026-08-09,,,,,,,,,,,,
BW-HQ-017,Blog,Article,"Cosmos Flower Facts: The Mexican Flower Named After Order, Harmony, And The Universe",Cosmos,Website,"Pinterest, Instagram, Podcast",Pillar article,Research Complete,P1 - next best move,"Ask Susy to approve angle, then create article brief",Needs selection/approval,Codex,Consider September/October seasonal block,,docs/brands/bloom-whispers/cosmos-research-dossier-2026-08-09.md,October birth flower timing makes this seasonal.,October birth flower timing makes this seasonal.,Seasonal,,,Approve the cosmos article angle,2026-08-09,,,,,,,,,,,,
BW-HQ-018,Blog,Article,Cosmos Flower Meaning,Cosmos,Website,"Pinterest, Instagram",Satellite article,Idea Bank,P2 - strong backlog,Brief after Cosmos pillar moves forward,Pillar not drafted,Codex,None yet,,docs/brands/bloom-whispers/cosmos-research-dossier-2026-08-09.md,"Order, harmony, balance, beauty.","Order, harmony, balance, beauty.",Evergreen,,,,2026-08-09,,,,,,,,,,,,
BW-HQ-019,Blog,Article,October Birth Flower Cosmos,Cosmos,Website,"Pinterest, Affiliate",Satellite article,Idea Bank,P1 - next best move,Use if October lead time becomes priority,Needs seasonal decision,Codex,September production block,,docs/brands/bloom-whispers/cosmos-research-dossier-2026-08-09.md,Time-sensitive.,Time-sensitive.,Seasonal,September 2026,,Decide if October birth flower timing should be prioritized,2026-08-09,,,,,,,,,,,,
BW-HQ-020,Blog,Article,Cosmos Flower Origin,Cosmos,Website,Pinterest,Satellite article,Idea Bank,P2 - strong backlog,Brief as Mexico/native-origin satellite,Pillar not drafted,Codex,None yet,,docs/brands/bloom-whispers/cosmos-research-dossier-2026-08-09.md,Could support cultural depth.,Could support cultural depth.,Evergreen,,,,2026-08-09,,,,,,,,,,,,
BW-HQ-021,Blog,Article,Cosmos In Japan,Cosmos,Website,"Pinterest, Podcast",Satellite article,Idea Bank,P2 - strong backlog,Hold for culture-specific source polish,Needs careful cultural context,Codex,None yet,,docs/brands/bloom-whispers/cosmos-research-dossier-2026-08-09.md,Akizakura/autumn cherry blossom angle.,Akizakura/autumn cherry blossom angle.,Evergreen,,,,2026-08-09,,,,,,,,,,,,
BW-HQ-022,Blog,Article,Cosmos Garden Uses,Cosmos,Website,"Pinterest, Affiliate",Satellite article,Idea Bank,P3 - someday / parking lot,Hold unless gardening/affiliate lane becomes priority,Garden content may pull brand too broad,Codex,None yet,,docs/brands/bloom-whispers/cosmos-research-dossier-2026-08-09.md,"Cutting, cottage, pollinator gardens.","Cutting, cottage, pollinator gardens.",Evergreen,,,,2026-08-09,,,,,,,,,,,,
BW-HQ-023,Blog,Article,Cosmos Colors,Cosmos,Website,"Pinterest, Etsy",Satellite article,Idea Bank,P3 - someday / parking lot,Use later as visual/product support,Pillar not drafted,Codex,None yet,,docs/brands/bloom-whispers/cosmos-research-dossier-2026-08-09.md,Good for product and pin visuals.,Good for product and pin visuals.,Evergreen,,,,2026-08-09,,,,,,,,,,,,
BW-HQ-024,Blog,Article,Cempasuchil Meaning: Why Marigolds Guide The Dead Home,Marigold,Website,"Pinterest, Instagram",Satellite article,Idea Bank,P1 - next best move,Create respectful source-led brief before Dia de Muertos window,Needs cultural respect review,Codex,Seasonal production block,,docs/brands/bloom-whispers/marigold-research-dossier-2026-06-08.md,High seasonal relevance.,High seasonal relevance.,Seasonal,September 2026,,,2026-08-13,,,,,,,,,,,,
BW-HQ-025,Blog,Article,Marigold Wedding Meaning And Garland Ideas,Marigold,Website,"Pinterest, Affiliate",Satellite article,Idea Bank,P2 - strong backlog,Add India/South Asia sources before drafting,Needs stronger cultural sources,Codex,None yet,,docs/brands/bloom-whispers/marigold-research-dossier-2026-06-08.md,Useful commercial search lane.,Useful commercial search lane.,Evergreen,,,,2026-08-13,,,,,,,,,,,,
BW-HQ-026,Blog,Article,William Morris Marigold Wallpaper,Marigold,Website,"Pinterest, Etsy",Design/history article,Idea Bank,P2 - strong backlog,Create design-history brief with museum sources,Needs article selection,Codex,None yet,,docs/brands/bloom-whispers/marigold-research-dossier-2026-06-08.md,Strong Bloom Whispers art/design fit.,Strong Bloom Whispers art/design fit.,Evergreen,,,,2026-08-13,,,,,,,,,,,,
BW-HQ-027,Blog,Article,"Marigold Uses And Benefits: What Is History, What Needs Care",Marigold,Website,"Pinterest, Affiliate",Safety-sensitive article,Idea Bank,P3 - someday / parking lot,Hold until safety framing is needed,Safety-sensitive,Codex,None yet,,docs/brands/bloom-whispers/marigold-research-dossier-2026-06-08.md,No supplement hype.,No supplement hype.,Evergreen,,,,2026-08-13,,,,,,,,,,,,
BW-HQ-028,Blog,Article,Calendula Vs Marigold: Which Flower Do Recipes Mean?,Marigold / Calendula,Website,"Pinterest, Affiliate",Explainer article,Idea Bank,P2 - strong backlog,Do food-safety/source pass before drafting,Needs culinary safety sources,Codex,None yet,,docs/brands/bloom-whispers/marigold-research-dossier-2026-06-08.md,Good confusion-solving article.,Good confusion-solving article.,Evergreen,,,,2026-08-13,,,,,,,,,,,,
BW-HQ-029,Blog,Article,"Marigold Magical Properties: Folklore, Sun, Memory, And Protection",Marigold,Website,"Pinterest, Instagram",Folklore article,Idea Bank,P3 - someday / parking lot,"Frame as folklore and reflection, not factual metaphysical claims",Needs careful claims framing,Codex,None yet,,docs/brands/bloom-whispers/marigold-research-dossier-2026-06-08.md,Do not overclaim.,Do not overclaim.,Evergreen,,,,2026-08-13,,,,,,,,,,,,
BW-HQ-030,Blog,Article,Marigold Tattoo Meaning,Marigold,Website,Pinterest,Symbolism article,Idea Bank,P3 - someday / parking lot,Hold for tattoo/search content batch,Needs selection,Codex,None yet,,docs/brands/bloom-whispers/marigold-research-dossier-2026-06-08.md,"Memory, sun, grief, return.","Memory, sun, grief, return.",Evergreen,,,,2026-08-13,,,,,,,,,,,,
BW-HQ-031,Blog,Article,Marigold Decor Ideas,Marigold,Website,"Pinterest, Etsy, Affiliate",Decor article,Idea Bank,P2 - strong backlog,Develop decor/product-safe outline,Needs respect framing,Codex,None yet,,docs/brands/bloom-whispers/marigold-research-dossier-2026-06-08.md,Could support Etsy and affiliate links.,Could support Etsy and affiliate links.,Evergreen,,,,2026-08-13,,,,,,,,,,,,
BW-HQ-032,Blog,Article,Do Marigolds Help In The Garden?,Marigold,Website,Pinterest,Gardening article,Idea Bank,P3 - someday / parking lot,Only pursue after gardening source pass,Needs gardening/science sources,Codex,None yet,,docs/brands/bloom-whispers/marigold-research-dossier-2026-06-08.md,Lower priority.,Lower priority.,Evergreen,,,,2026-08-13,,,,,,,,,,,,
BW-HQ-033,Blog,Article,"Marigold Quotes And Meanings For Captions, Cards, And Altars",Marigold,Website,"Pinterest, Instagram, Etsy",Quote/caption article,Idea Bank,P2 - strong backlog,Create original Bloom Whispers quote bank after main article repurpose,Needs original line review,Codex,None yet,,docs/brands/bloom-whispers/marigold-research-dossier-2026-06-08.md,Good social/product support.,Good social/product support.,Evergreen,,,,2026-08-13,,,,,,,,,,,,
BW-HQ-034,Blog,Article,Queen Anne's Lace Vs Hemlock,Queen Anne's Lace,Website,Pinterest,Safety explainer,Idea Bank,P1 - next best move,Create safety-first brief with authoritative plant ID caveats,High safety risk,Codex,Schedule only with fact-check block,,docs/brands/bloom-whispers/queen-annes-lace-research-dossier-2026-06-06.md,"Valuable, but must not become a casual ID guide.","Valuable, but must not become a casual ID guide.",Evergreen,,,,2026-06-07,,,,,,,,,,,,
BW-HQ-035,Blog,Article,Why Queen Anne's Lace Has A Purple Dot,Queen Anne's Lace,Website,"Pinterest, Instagram",Satellite article,Idea Bank,P2 - strong backlog,Brief from existing claim matrix,Needs source nuance,Codex,None yet,,docs/brands/bloom-whispers/queen-annes-lace-research-dossier-2026-06-06.md,Strongest curiosity object.,Strongest curiosity object.,Evergreen,,,,2026-06-07,,,,,,,,,,,,
BW-HQ-036,Blog,Article,Queen Anne's Lace Wedding Meaning And Bouquet Ideas,Queen Anne's Lace,Website,"Pinterest, Affiliate",Wedding article,Idea Bank,P2 - strong backlog,Build wedding/floristry brief,Needs commercial source pass,Codex,None yet,,docs/brands/bloom-whispers/queen-annes-lace-research-dossier-2026-06-06.md,Commercial but still on-brand.,Commercial but still on-brand.,Evergreen,,,,2026-06-07,,,,,,,,,,,,
BW-HQ-037,Blog,Article,"Queen Anne's Lace Symbolism: Sanctuary, Fantasy, And Folklore",Queen Anne's Lace,Website,"Pinterest, Instagram",Symbolism article,Idea Bank,P3 - someday / parking lot,Hold unless symbolism cluster becomes priority,Needs source caveat,Codex,None yet,,docs/brands/bloom-whispers/queen-annes-lace-research-dossier-2026-06-06.md,Fantasy should remain caveated.,Fantasy should remain caveated.,Evergreen,,,,2026-06-07,,,,,,,,,,,,
BW-HQ-038,Blog,Article,Queen Anne's Lace Herbal History,Queen Anne's Lace,Website,Pinterest,Historical article,Idea Bank,P3 - someday / parking lot,"Use only as history, not advice",Safety-sensitive,Codex,None yet,,docs/brands/bloom-whispers/queen-annes-lace-research-dossier-2026-06-06.md,No herbal recommendation.,No herbal recommendation.,Evergreen,,,,2026-06-07,,,,,,,,,,,,
BW-HQ-039,Blog,Article,Queen Anne's Lace In Art Nouveau,Queen Anne's Lace,Website,"Pinterest, Etsy",Design/history article,Idea Bank,P2 - strong backlog,Create Tiffany/art-history brief,Needs selection,Codex,None yet,,docs/brands/bloom-whispers/queen-annes-lace-research-dossier-2026-06-06.md,Strong art/object discovery angle.,Strong art/object discovery angle.,Evergreen,,,,2026-06-07,,,,,,,,,,,,
BW-HQ-040,Instagram,Post,Dandelion: You've Probably Made A Wish On One,Dandelion,Instagram,"Pinterest, Blog",Carousel,Ready To Produce,P0 - active this week,Collect or choose iPad raw photos/videos and assemble 8-slide carousel,Needs visual assets from Susy or selected photo source,Susy + Codex,Add iPad production block,,docs/brands/bloom-whispers/content-pipeline/dandelion/instagram-bw-ig-015-dandelion-carousel-brief-2026-08-13.md,Locked cover hook and brief ready.,Locked cover hook and brief ready.,Evergreen,August 2026,,Choose dandelion photos,2026-08-14,,,,,Dandelion,"Instagram followers who like folklore, wishes, and botanical story posts",,,,,,
BW-HQ-041,Instagram,Post,Queen Anne's Lace Meaning: The Flower With A Secret Dark Dot,Queen Anne's Lace,Instagram,"Website, Pinterest",Carousel,Idea Bank,P1 - next best move,Expand to per-post creative brief and find close-up dot visual,Needs visual source,Codex,None yet,,docs/brands/bloom-whispers/instagram-content-pipeline-tracker-2026-08-02.csv,First launch candidate.,First launch candidate.,Evergreen,,,Choose or provide a close-up Queen Anne's lace dot visual,2026-08-14,,,,,,,,,,,,
BW-HQ-042,Instagram,Post,3 Things You Didn't Know About Marigolds,Marigold,Instagram,"Website, Pinterest",Carousel,Idea Bank,P1 - next best move,Expand to creative brief from existing dossier,Needs visual source,Codex,None yet,,docs/brands/bloom-whispers/instagram-content-pipeline-tracker-2026-08-02.csv,Use existing article/dossier.,Use existing article/dossier.,Evergreen,,,,2026-08-14,,,,,,,,,,,,
BW-HQ-043,Instagram,Post,6 Flowers For When You Feel Overwhelmed,Quiz / emotional flowers,Instagram,Website,Carousel,Idea Bank,P2 - strong backlog,Choose flower list and source-check meanings,Needs flower selection,Codex,None yet,,docs/brands/bloom-whispers/instagram-content-pipeline-tracker-2026-08-02.csv,Quiz-adjacent.,Quiz-adjacent.,Evergreen,,,,2026-08-14,,,,,,,,,,,,
BW-HQ-044,Instagram,Post,Flowers Growing In The Cracks: Series Opener,Everyday discoveries,Instagram,Threads,Reel,Idea Bank,P1 - next best move,Capture or select original flower-in-crack visual,Needs original photo/video,Susy,Quick capture block,,docs/brands/bloom-whispers/instagram-content-pipeline-tracker-2026-08-02.csv,Good account texture.,Good account texture.,Evergreen,,,Capture or choose original flower-in-crack visual,2026-08-14,,,,,,,,,,,,
BW-HQ-045,Instagram,Post,7 Ways You Could Be Using Marigold,Marigold,Instagram,"Website, Pinterest",Carousel,Idea Bank,P2 - strong backlog,Define seven safe/useful lanes,Needs safety/culture framing,Codex,None yet,,docs/brands/bloom-whispers/instagram-content-pipeline-tracker-2026-08-02.csv,Useful but careful.,Useful but careful.,Evergreen,,,,2026-08-14,,,,,,,,,,,,
BW-HQ-046,Instagram,Post,What Dandelions Teach Us About Resilience,Dandelion,Instagram,Threads,Simple photo / field note,Idea Bank,P2 - strong backlog,Write short field-note caption after image selected,Needs dandelion image,Susy + Codex,Quick capture block,,docs/brands/bloom-whispers/instagram-content-pipeline-tracker-2026-08-02.csv,"Keep grounded, not generic.","Keep grounded, not generic.",Evergreen,,,,2026-08-14,,,,,,,,,,,,
BW-HQ-047,Instagram,Post,Pick A Flower And Get Your Message,Quiz,Instagram,Website,Carousel,Idea Bank,P2 - strong backlog,Choose 3-5 quiz flowers and draft snippets,Needs flower set,Codex,None yet,,docs/brands/bloom-whispers/instagram-content-pipeline-tracker-2026-08-02.csv,"Message, not personality label.","Message, not personality label.",Evergreen,,,,2026-08-14,,,,,,,,,,,,
BW-HQ-048,Instagram,Post,Why Roses Became The Flower Of Love,Rose,Instagram,"Website, Pinterest",Carousel,Needs Research,P2 - strong backlog,Research rose love-symbolism angle,Needs research pass,Codex,Research block,,docs/brands/bloom-whispers/instagram-content-pipeline-tracker-2026-08-02.csv,"Familiar doorway, needs non-generic take.","Familiar doorway, needs non-generic take.",Evergreen,,,,2026-08-14,,,,,,,,,,,,
BW-HQ-049,Instagram,Post,3 Strange Things About Poppies,Poppy,Instagram,"Website, Pinterest",Reel,Needs Research,P2 - strong backlog,Source-check three poppy facts,Needs source pass,Codex,Research block,,docs/brands/bloom-whispers/instagram-content-pipeline-tracker-2026-08-02.csv,Respect medicine/remembrance context.,Respect medicine/remembrance context.,Evergreen,,,,2026-08-14,,,,,,,,,,,,
BW-HQ-050,Instagram,Post,"If Lavender Caught Your Eye, Here's The Message",Lavender,Instagram,Website,Carousel,Needs Research,P2 - strong backlog,Pick lavender message angle and source-check,Needs source pass,Codex,Research block,,docs/brands/bloom-whispers/instagram-content-pipeline-tracker-2026-08-02.csv,Avoid wellness cliche.,Avoid wellness cliche.,Evergreen,,,,2026-08-14,,,,,,,,,,,,
BW-HQ-051,Instagram,Post,Flower Finds From My Walk,Everyday discoveries,Instagram,Threads,Simple photo / field note,Idea Bank,P2 - strong backlog,Select first walk photo,Needs original photo,Susy,Quick capture block,,docs/brands/bloom-whispers/instagram-content-pipeline-tracker-2026-08-02.csv,Lived-in account texture.,Lived-in account texture.,Evergreen,,,,2026-08-14,,,,,,,,,,,,
BW-HQ-052,Instagram,Post,"What A Florist, Herbalist, And Chef Notice About Roses",Rose,Instagram,"Website, Pinterest",Reel,Needs Research,P2 - strong backlog,Research three expert lenses,Needs source pass,Codex,Research block,,docs/brands/bloom-whispers/instagram-content-pipeline-tracker-2026-08-02.csv,Expert-lens variety is the point.,Expert-lens variety is the point.,Evergreen,,,,2026-08-14,,,,,,,,,,,,
BW-HQ-053,Instagram,Post,Your Zodiac Sign As A Flower,Zodiac flowers,Instagram,Website,Carousel,Idea Bank,P3 - someday / parking lot,Map signs to flowers with playful caveat tone,Needs mapping,Codex,None yet,,docs/brands/bloom-whispers/instagram-content-pipeline-tracker-2026-08-02.csv,Use as interactive later.,Use as interactive later.,Evergreen,,,,2026-08-14,,,,,,,,,,,,
BW-HQ-054,Instagram,Post,The Hidden Meaning Of Hibiscus,Hibiscus,Instagram,"Website, Pinterest",Carousel,Idea Bank,P2 - strong backlog,Audit existing hibiscus article angle before repurpose,Needs quality check,Codex,None yet,,docs/brands/bloom-whispers/instagram-content-pipeline-tracker-2026-08-02.csv,"Existing article exists, likely needs refresh.","Existing article exists, likely needs refresh.",Evergreen,,,,2026-08-14,,,,,,,,,,,,
BW-HQ-055,Instagram,Post,6 Flowers For When You Feel Stuck,Quiz / emotional flowers,Instagram,Website,Carousel,Idea Bank,P3 - someday / parking lot,Choose flowers and distinct emotional jobs,Needs flower selection,Codex,None yet,,docs/brands/bloom-whispers/instagram-content-pipeline-tracker-2026-08-02.csv,Quiz-adjacent.,Quiz-adjacent.,Evergreen,,,,2026-08-14,,,,,,,,,,,,
BW-HQ-056,Instagram,Post,"Flowers Growing In The Cracks: Tiny Bloom, Hard Place",Everyday discoveries,Instagram,Threads,Reel,Idea Bank,P3 - someday / parking lot,Capture concrete/curb/wall bloom visual,Needs original visual,Susy,None yet,,docs/brands/bloom-whispers/instagram-content-pipeline-tracker-2026-08-02.csv,Series extension.,Series extension.,Evergreen,,,,2026-08-14,,,,,,,,,,,,
BW-HQ-057,Instagram,Post,3 Bouquet Ideas Inspired By Cosmos,Cosmos,Instagram,"Website, Pinterest",Carousel,Needs Research,P2 - strong backlog,Research bouquet design angle,Needs florist/design research,Codex,None yet,,docs/brands/bloom-whispers/instagram-content-pipeline-tracker-2026-08-02.csv,Links to Cosmos dossier.,Links to Cosmos dossier.,Evergreen,,,,2026-08-14,,,,,,,,,,,,
BW-HQ-058,Instagram,Post,A Reminder From The Flower You Almost Walked Past,Everyday discoveries,Instagram,Threads,Simple photo / field note,Idea Bank,P3 - someday / parking lot,Write field-note caption after photo exists,Needs original photo,Susy + Codex,None yet,,docs/brands/bloom-whispers/instagram-content-pipeline-tracker-2026-08-02.csv,Pure voice/affinity post.,Pure voice/affinity post.,Evergreen,,,,2026-08-14,,,,,,,,,,,,
BW-HQ-059,Instagram,Post,"Choose One: Hellebore, Snowdrop, Or Foxglove",Quiz,Instagram,Website,Carousel,Idea Bank,P3 - someday / parking lot,Draft result snippets with foxglove safety caveat,Needs copy and visuals,Codex,None yet,,docs/brands/bloom-whispers/instagram-content-pipeline-tracker-2026-08-02.csv,Quiz path.,Quiz path.,Evergreen,,,,2026-08-14,,,,,,,,,,,,
BW-HQ-060,Instagram,Post,What Marigolds Symbolize Across Cultures,Marigold,Instagram,"Website, Pinterest",Carousel,Idea Bank,P2 - strong backlog,Build culture-by-context slide plan,Needs careful cultural framing,Codex,None yet,,docs/brands/bloom-whispers/instagram-content-pipeline-tracker-2026-08-02.csv,Meaning changes by context.,Meaning changes by context.,Evergreen,,,,2026-08-14,,,,,,,,,,,,
BW-HQ-061,Instagram,Post,3 Things You Didn't Know About Bougainvillea,Bougainvillea,Instagram,"Website, Pinterest",Reel,Needs Research,P3 - someday / parking lot,Source-check bract/fact set,Needs source pass,Codex,None yet,,docs/brands/bloom-whispers/instagram-content-pipeline-tracker-2026-08-02.csv,Botanical surprise.,Botanical surprise.,Evergreen,,,,2026-08-14,,,,,,,,,,,,
BW-HQ-062,Instagram,Post,6 Flowers For Craving A Fresh Start,Quiz / emotional flowers,Instagram,Website,Carousel,Idea Bank,P3 - someday / parking lot,Choose renewal flowers,Needs flower selection,Codex,None yet,,docs/brands/bloom-whispers/instagram-content-pipeline-tracker-2026-08-02.csv,"Gentle beginning, not hustle reset.","Gentle beginning, not hustle reset.",Evergreen,,,,2026-08-14,,,,,,,,,,,,
BW-HQ-063,Instagram,Post,Garden Corner Field Note: The Flower You Almost Missed,Everyday discoveries,Instagram,Threads,Simple photo / field note,Idea Bank,P3 - someday / parking lot,Select original garden-corner photo,Needs original photo,Susy,None yet,,docs/brands/bloom-whispers/instagram-content-pipeline-tracker-2026-08-02.csv,Almost-missed feeling is the content.,Almost-missed feeling is the content.,Evergreen,,,,2026-08-14,,,,,,,,,,,,
BW-HQ-064,Instagram,Post,Ways You Could Use Lavender Without Making It Boring,Lavender,Instagram,"Website, Pinterest",Carousel,Needs Research,P3 - someday / parking lot,Define safe use lanes,Needs source pass,Codex,None yet,,docs/brands/bloom-whispers/instagram-content-pipeline-tracker-2026-08-02.csv,Useful but not wellness cliche.,Useful but not wellness cliche.,Evergreen,,,,2026-08-14,,,,,,,,,,,,
BW-HQ-065,Instagram,Post,What Sunflowers Teach About Turning Toward Light,Sunflower,Instagram,Website,Carousel,Needs Research,P3 - someday / parking lot,Check heliotropism nuance,Needs source pass,Codex,None yet,,docs/brands/bloom-whispers/instagram-content-pipeline-tracker-2026-08-02.csv,Avoid simplistic sunshine quote.,Avoid simplistic sunshine quote.,Evergreen,,,,2026-08-14,,,,,,,,,,,,
BW-HQ-066,Instagram,Post,Find Your Flower Meaning,Flower Meaning Guide,Instagram,Website,Reel,Idea Bank,P2 - strong backlog,Draft Reel beat sheet,Needs visual sequence,Codex,None yet,,docs/brands/bloom-whispers/instagram-content-pipeline-tracker-2026-08-02.csv,Guide CTA.,Guide CTA.,Evergreen,,,,2026-08-14,,,,,,,,,,,,
BW-HQ-067,Instagram,Post,"Queen Anne's Lace: Blood, Fairy Seat, Or Insect Trick?",Queen Anne's Lace,Instagram,"Website, Pinterest",Carousel,Idea Bank,P2 - strong backlog,Build slide plan from claim matrix,Needs close-up visual,Codex,None yet,,docs/brands/bloom-whispers/instagram-content-pipeline-tracker-2026-08-02.csv,Uncertainty is part of intrigue.,Uncertainty is part of intrigue.,Evergreen,,,,2026-08-14,,,,,,,,,,,,
BW-HQ-068,Instagram,Post,Sidewalk Bouquet Palette From One Block,Everyday discoveries,Instagram,"Pinterest, Threads",Carousel,Idea Bank,P3 - someday / parking lot,Capture one-walk photo set,Needs original photos,Susy,None yet,,docs/brands/bloom-whispers/instagram-content-pipeline-tracker-2026-08-02.csv,"One block, one palette.","One block, one palette.",Evergreen,,,,2026-08-14,,,,,,,,,,,,
BW-HQ-069,Instagram,Post,6 Flowers For When You Need To Feel Brave Again,Quiz / emotional flowers,Instagram,Website,Carousel,Idea Bank,P3 - someday / parking lot,Choose flowers and messages,Needs flower selection,Codex,None yet,,docs/brands/bloom-whispers/instagram-content-pipeline-tracker-2026-08-02.csv,Quiz-adjacent.,Quiz-adjacent.,Evergreen,,,,2026-08-14,,,,,,,,,,,,
BW-HQ-080,Affiliate,Roundup Article,20 Flower Rings Inspired By Symbolism And Folklore,Flower rings,Website,"Pinterest, Affiliate",Product roundup,Idea Bank,P1 - next best move,Research products and outline roundup,Needs manual product/review research,Susy + Codex,Research block,,docs/brands/bloom-whispers/market-research/roundup-topic-demand-2026-08-13/bloom-whispers-roundup-topic-pinterest-validation-2026-08-13.md,Highest validated product roundup after executed books post.,Highest validated product roundup after executed books post.,Evergreen,,,,2026-08-13,,,,,,,,,,,,
BW-HQ-081,Affiliate,Roundup Article,15 Floral Picnic Accessories For Spring And Summer,Floral picnic,Website,"Pinterest, Affiliate",Product roundup,Idea Bank,P2 - strong backlog,Research products and seasonal timing,Needs product research,Susy + Codex,None yet,,docs/brands/bloom-whispers/market-research/roundup-topic-demand-2026-08-13/bloom-whispers-roundup-topic-pinterest-validation-2026-08-13.md,Strong Pinterest/autocomplete.,Strong Pinterest/autocomplete.,Evergreen,,,,2026-08-13,,,,,,,,,,,,
BW-HQ-082,Affiliate,Roundup Article,15 Jasmine Products For Night Garden Energy,Jasmine,Website,"Pinterest, Affiliate",Product roundup,Idea Bank,P2 - strong backlog,Research products and source jasmine symbolism,Needs product research,Susy + Codex,None yet,,docs/brands/bloom-whispers/market-research/roundup-topic-demand-2026-08-13/bloom-whispers-roundup-topic-pinterest-validation-2026-08-13.md,Good night-garden brand fit.,Good night-garden brand fit.,Evergreen,,,,2026-08-13,,,,,,,,,,,,
BW-HQ-083,Affiliate,Roundup Article,25 Pieces Of Flower Jewelry With Hidden Meaning,Flower jewelry,Website,"Pinterest, Affiliate",Product roundup,Idea Bank,P2 - strong backlog,Research products and symbolism groupings,Needs product research,Susy + Codex,None yet,,docs/brands/bloom-whispers/market-research/roundup-topic-demand-2026-08-13/bloom-whispers-roundup-topic-pinterest-validation-2026-08-13.md,Commercially broad.,Commercially broad.,Evergreen,,,,2026-08-13,,,,,,,,,,,,
BW-HQ-084,Affiliate,Roundup Article,15 Floral Perfumes For Every Personality,Floral perfume,Website,"Pinterest, Affiliate",Product roundup,Idea Bank,P2 - strong backlog,Research products and scent-positioning angle,Needs product research,Susy + Codex,None yet,,docs/brands/bloom-whispers/market-research/roundup-topic-demand-2026-08-13/bloom-whispers-roundup-topic-pinterest-validation-2026-08-13.md,Could link to quiz identity path.,Could link to quiz identity path.,Evergreen,,,,2026-08-13,,,,,,,,,,,,
BW-HQ-085,Affiliate,Roundup Article,"15 Edible Flower Products For Cakes, Cocktails, And Salads",Edible flowers,Website,"Pinterest, Affiliate",Product roundup,Idea Bank,P2 - strong backlog,Research products with safety disclaimers,Food safety,Susy + Codex,None yet,,docs/brands/bloom-whispers/market-research/roundup-topic-demand-2026-08-13/bloom-whispers-roundup-topic-pinterest-validation-2026-08-13.md,Avoid health claims.,Avoid health claims.,Evergreen,,,,2026-08-13,,,,,,,,,,,,
BW-HQ-086,Affiliate,Roundup Article,15 Online Floral Design Classes And Platforms,Floral design,Website,"Pinterest, Affiliate",Product roundup,Idea Bank,P2 - strong backlog,Research classes/platforms and affiliate options,Needs product research,Susy + Codex,None yet,,docs/brands/bloom-whispers/market-research/roundup-topic-demand-2026-08-13/bloom-whispers-roundup-topic-pinterest-validation-2026-08-13.md,Useful education lane.,Useful education lane.,Evergreen,,,,2026-08-13,,,,,,,,,,,,
BW-HQ-087,Affiliate,Roundup Article,20 Flower Vases That Make Grocery Store Blooms Look Expensive,Flower vases,Website,"Pinterest, Affiliate",Product roundup,Idea Bank,P2 - strong backlog,Research products by arrangement type,Needs product research,Susy + Codex,None yet,,docs/brands/bloom-whispers/market-research/roundup-topic-demand-2026-08-13/bloom-whispers-roundup-topic-pinterest-validation-2026-08-13.md,Practical and saveable.,Practical and saveable.,Evergreen,,,,2026-08-13,,,,,,,,,,,,
BW-HQ-088,Affiliate,Roundup Article,20 Garden Party Products For A Bloom-Filled Brunch,Garden party,Website,"Pinterest, Affiliate",Product roundup,Idea Bank,P3 - someday / parking lot,Hold for seasonal/event content batch,Needs product research,Susy + Codex,None yet,,docs/brands/bloom-whispers/market-research/roundup-topic-demand-2026-08-13/bloom-whispers-roundup-topic-pinterest-validation-2026-08-13.md,Event/seasonal.,Event/seasonal.,Seasonal,,,,2026-08-13,,,,,,,,,,,,
BW-HQ-090,Guide,Roundup Article,20 Edible Flowers And Their Historical Uses,Edible flowers,Website,Pinterest,Guide roundup,Idea Bank,P2 - strong backlog,Create safety-first historical outline,Food safety,Codex,None yet,,docs/brands/bloom-whispers/market-research/roundup-topic-demand-2026-08-13/bloom-whispers-roundup-topic-pinterest-validation-2026-08-13.md,Top guide idea.,Top guide idea.,Evergreen,,,,2026-08-13,,,,,,,,,,,,
BW-HQ-091,Guide,Roundup Article,"20 Flowers That Mean Love, From Sweet To Obsessive",Love flowers,Website,"Pinterest, Instagram",Guide roundup,Idea Bank,P2 - strong backlog,Source-check meanings and select flower set,Needs research,Codex,None yet,,docs/brands/bloom-whispers/market-research/roundup-topic-demand-2026-08-13/bloom-whispers-roundup-topic-pinterest-validation-2026-08-13.md,Search-friendly.,Search-friendly.,Evergreen,,,,2026-08-13,,,,,,,,,,,,
BW-HQ-092,Guide,Roundup Article,12 Zodiac Signs As Flowers,Zodiac flowers,Website,"Instagram, Pinterest",Guide roundup,Idea Bank,P3 - someday / parking lot,Use playful caveated mapping,Needs mapping,Codex,None yet,,docs/brands/bloom-whispers/market-research/roundup-topic-demand-2026-08-13/bloom-whispers-roundup-topic-pinterest-validation-2026-08-13.md,Pairs with IG BW-IG-013.,Pairs with IG BW-IG-013.,Evergreen,,,,2026-08-13,,,,,,,,,,,,
BW-HQ-093,Guide,Roundup Article,25 Flower Names For Babies And Their Meanings,Flower names,Website,"Pinterest, Affiliate",Guide roundup,Idea Bank,P3 - someday / parking lot,Research meanings and naming caveats,Needs research,Codex,None yet,,docs/brands/bloom-whispers/market-research/roundup-topic-demand-2026-08-13/bloom-whispers-roundup-topic-pinterest-validation-2026-08-13.md,Broad Pinterest demand.,Broad Pinterest demand.,Evergreen,,,,2026-08-13,,,,,,,,,,,,
BW-HQ-094,Guide,Roundup Article,15 Flowers Bees And Butterflies Love Most,Pollinator flowers,Website,Pinterest,Guide roundup,Idea Bank,P3 - someday / parking lot,Create regional/source-caveated outline,Ecology nuance,Codex,None yet,,docs/brands/bloom-whispers/market-research/roundup-topic-demand-2026-08-13/bloom-whispers-roundup-topic-pinterest-validation-2026-08-13.md,Could become too gardening-heavy.,Could become too gardening-heavy.,Evergreen,,,,2026-08-13,,,,,,,,,,,,
BW-HQ-095,Guide,Roundup Article,20 Poisonous Flowers With Beautiful Stories,Poisonous flowers,Website,"Pinterest, Instagram",Guide roundup,Idea Bank,P2 - strong backlog,Create safety-led concept brief,Safety-sensitive,Codex,Research block,,docs/brands/bloom-whispers/market-research/roundup-topic-demand-2026-08-13/bloom-whispers-roundup-topic-pinterest-validation-2026-08-13.md,"Very Bloom Whispers, must be careful.","Very Bloom Whispers, must be careful.",Evergreen,,,,2026-08-13,,,,,,,,,,,,
BW-HQ-096,Guide,Roundup Article,20 Meadow Flowers You Would Find In A Storybook Landscape,Meadow flowers,Website,"Pinterest, Etsy",Guide roundup,Idea Bank,P3 - someday / parking lot,Hold for visual/pin batch,Needs research,Codex,None yet,,docs/brands/bloom-whispers/market-research/roundup-topic-demand-2026-08-13/bloom-whispers-roundup-topic-pinterest-validation-2026-08-13.md,Strong visual lane.,Strong visual lane.,Evergreen,,,,2026-08-13,,,,,,,,,,,,
BW-HQ-097,Guide,Roundup Article,20 Flowers That Appear In Fairy Tales And Folk Stories,Fairy tale flowers,Website,"Pinterest, Podcast",Guide roundup,Idea Bank,P2 - strong backlog,Research folklore set with sources,Needs research,Codex,Research block,,docs/brands/bloom-whispers/market-research/roundup-topic-demand-2026-08-13/bloom-whispers-roundup-topic-pinterest-validation-2026-08-13.md,Strong brand fit.,Strong brand fit.,Evergreen,,,,2026-08-13,,,,,,,,,,,,
BW-HQ-098,Guide,Roundup Article,25 Flowers With Dark Or Gothic Meanings,Dark flower meanings,Website,"Pinterest, Etsy",Guide roundup,Idea Bank,P2 - strong backlog,Research/source-check list,Needs research,Codex,Research block,,docs/brands/bloom-whispers/market-research/roundup-topic-demand-2026-08-13/bloom-whispers-roundup-topic-pinterest-validation-2026-08-13.md,Pairs with Etsy dark botanical lane.,Pairs with Etsy dark botanical lane.,Evergreen,,,,2026-08-13,,,,,,,,,,,,
BW-HQ-099,Guide,Roundup Article,"20 Flowers Associated With Dreams, Sleep, And The Moon",Moon flowers,Website,"Pinterest, Podcast",Guide roundup,Idea Bank,P2 - strong backlog,Research flower set and safety caveats,Needs research,Codex,Research block,,docs/brands/bloom-whispers/market-research/roundup-topic-demand-2026-08-13/bloom-whispers-roundup-topic-pinterest-validation-2026-08-13.md,Good podcast/sleep bridge.,Good podcast/sleep bridge.,Evergreen,,,,2026-08-13,,,,,,,,,,,,
BW-HQ-110,Pinterest,Recovery Task,Assemble next Pinterest recovery batch,Recovery batch,Pinterest,"ClickUp, Metricool",Batch operation,Selected,P1 - next best move,"Combine legacy URL refresh plus selected new URL content, keywords, board routing, and scheduling",Batch not assembled,Codex + ClickUp agent,Schedule Pinterest planning block,,docs/brands/bloom-whispers/pinterest-triage-diagnosis-2026-06-07.md,ClickUp remains execution layer.,ClickUp remains execution layer.,Evergreen,,,,2026-06-07,,,,,,,,,,,,
BW-HQ-111,Pinterest,Recovery URL,Hibiscus Flower Benefits refresh,Hibiscus,Pinterest,Website,Fresh pins,Selected,P2 - strong backlog,"Create fresh graphics, copies, keywords, board routing",Needs Pinterest batch production,ClickUp/Pinterest agent,None yet,https://bloomwhispers.com/hibiscus-flower-benefits/,docs/brands/bloom-whispers/pinterest-triage-diagnosis-2026-06-07.md,Current in-progress recovery URL.,Current in-progress recovery URL.,Evergreen,,,,2026-06-07,,,,,,,,,,,,
BW-HQ-112,Pinterest,Recovery URL,Hibiscus Flower Uses refresh,Hibiscus,Pinterest,Website,Fresh pins,Selected,P2 - strong backlog,"Create fresh graphics, copies, keywords, board routing",Needs Pinterest batch production,ClickUp/Pinterest agent,None yet,https://bloomwhispers.com/hibiscus-flower-uses/,docs/brands/bloom-whispers/pinterest-triage-diagnosis-2026-06-07.md,Current in-progress recovery URL.,Current in-progress recovery URL.,Evergreen,,,,2026-06-07,,,,,,,,,,,,
BW-HQ-113,Pinterest,Recovery URL,Flower Meaning Guide refresh,Flower meanings,Pinterest,Website,Fresh pins,Selected,P1 - next best move,Recreate/refine guide pins and board routing,Needs Pinterest batch production,ClickUp/Pinterest agent,None yet,https://bloomwhispers.com/flower-meaning-guide/,docs/brands/bloom-whispers/pinterest-triage-diagnosis-2026-06-07.md,Core funnel page.,Core funnel page.,Evergreen,,,,2026-06-07,,,,,,,,,,,,
BW-HQ-114,Pinterest,Recovery URL,Healing Properties Of Flowers refresh,Flower healing,Pinterest,Website,Fresh pins,Selected,P2 - strong backlog,"Create fresh graphics, copies, keywords, board routing",Needs Pinterest batch production,ClickUp/Pinterest agent,None yet,https://bloomwhispers.com/healing-properties-of-flowers/,docs/brands/bloom-whispers/pinterest-triage-diagnosis-2026-06-07.md,Current in-progress recovery URL.,Current in-progress recovery URL.,Evergreen,,,,2026-06-07,,,,,,,,,,,,
BW-HQ-115,Pinterest,Recovery URL,Hibiscus Flower Meaning refresh,Hibiscus,Pinterest,Website,Fresh pins,Selected,P2 - strong backlog,Check current article quality and refresh pins,Needs quality check,ClickUp/Pinterest agent,None yet,https://bloomwhispers.com/2025/10/28/hibiscus-flower-meaning/,docs/brands/bloom-whispers/pinterest-triage-diagnosis-2026-06-07.md,Tagged trend in diagnosis.,Tagged trend in diagnosis.,Evergreen,,,,2026-06-07,,,,,,,,,,,,
BW-HQ-116,Pinterest,New URL Lane,Select fresh new URLs for recovery batch,Validated clusters,Pinterest,Website,Content selection,Needs Research,P1 - next best move,"Select new URLs from Dandelion, Cosmos, QAL Uses, or validated flower shortlist",Needs strategic selection,Codex,Planning block,,docs/brands/bloom-whispers/pinterest-triage-diagnosis-2026-06-07.md,Recovery should not be recycled legacy URLs only.,Recovery should not be recycled legacy URLs only.,Evergreen,,,,2026-06-07,,,,,,,,,,,,
BW-HQ-120,Pinterest,Topic Cluster,Gladiolus,Gladiolus,Website,"Pinterest, Instagram",Future article cluster,Idea Bank,P2 - strong backlog,Evaluate as future article package,Needs topic selection,Codex,None yet,,docs/brands/bloom-whispers/market-research/pinterest-flower-demand-2026-08-10-v3/pinterest-flower-demand-decision-memo-2026-08-10-v3.md,Top create-now shortlist.,Top create-now shortlist.,Evergreen,,,,2026-08-10,,,,,,,,,,,,
BW-HQ-121,Pinterest,Topic Cluster,Wisteria,Wisteria,Website,"Pinterest, Instagram",Future article cluster,Idea Bank,P2 - strong backlog,Evaluate as future article package,Needs topic selection,Codex,None yet,,docs/brands/bloom-whispers/market-research/pinterest-flower-demand-2026-08-10-v3/pinterest-flower-demand-decision-memo-2026-08-10-v3.md,Top create-now shortlist.,Top create-now shortlist.,Evergreen,,,,2026-08-10,,,,,,,,,,,,
BW-HQ-122,Pinterest,Topic Cluster,Water Lily,Water Lily,Website,"Pinterest, Instagram",Future article cluster,Idea Bank,P2 - strong backlog,Evaluate as future article package,Needs topic selection,Codex,None yet,,docs/brands/bloom-whispers/market-research/pinterest-flower-demand-2026-08-10-v3/pinterest-flower-demand-decision-memo-2026-08-10-v3.md,Top create-now shortlist.,Top create-now shortlist.,Evergreen,,,,2026-08-10,,,,,,,,,,,,
BW-HQ-123,Pinterest,Topic Cluster,Magnolia,Magnolia,Website,"Pinterest, Instagram",Future article cluster,Idea Bank,P2 - strong backlog,Evaluate as future article package,Needs topic selection,Codex,None yet,,docs/brands/bloom-whispers/market-research/pinterest-flower-demand-2026-08-10-v3/pinterest-flower-demand-decision-memo-2026-08-10-v3.md,Top create-now shortlist.,Top create-now shortlist.,Evergreen,,,,2026-08-10,,,,,,,,,,,,
BW-HQ-124,Pinterest,Topic Cluster,Plumeria,Plumeria,Website,"Pinterest, Instagram",Future article cluster,Idea Bank,P2 - strong backlog,Evaluate as future article package,Needs topic selection,Codex,None yet,,docs/brands/bloom-whispers/market-research/pinterest-flower-demand-2026-08-10-v3/pinterest-flower-demand-decision-memo-2026-08-10-v3.md,Top create-now shortlist.,Top create-now shortlist.,Evergreen,,,,2026-08-10,,,,,,,,,,,,
BW-HQ-125,Pinterest,Topic Cluster,Rare / Unique Flowers,Rare / unique flowers,Website,"Pinterest, Instagram",Future article cluster,Idea Bank,P2 - strong backlog,Evaluate as future article package,Needs topic selection,Codex,None yet,,docs/brands/bloom-whispers/market-research/pinterest-flower-demand-2026-08-10-v3/pinterest-flower-demand-decision-memo-2026-08-10-v3.md,Curiosity visual topic.,Curiosity visual topic.,Evergreen,,,,2026-08-10,,,,,,,,,,,,
BW-HQ-126,Pinterest,Topic Cluster,Daffodil,Daffodil,Website,"Pinterest, Instagram",Future article cluster,Idea Bank,P3 - someday / parking lot,Evaluate as future article package,Needs topic selection,Codex,None yet,,docs/brands/bloom-whispers/market-research/pinterest-flower-demand-2026-08-10-v3/pinterest-flower-demand-decision-memo-2026-08-10-v3.md,Seasonal timing matters.,Seasonal timing matters.,Seasonal,,,,2026-08-10,,,,,,,,,,,,
BW-HQ-127,Pinterest,Topic Cluster,Gardenia,Gardenia,Website,"Pinterest, Instagram",Future article cluster,Idea Bank,P3 - someday / parking lot,Evaluate as future article package,Needs topic selection,Codex,None yet,,docs/brands/bloom-whispers/market-research/pinterest-flower-demand-2026-08-10-v3/pinterest-flower-demand-decision-memo-2026-08-10-v3.md,Shortlist topic.,Shortlist topic.,Evergreen,,,,2026-08-10,,,,,,,,,,,,
BW-HQ-128,Pinterest,Topic Cluster,Narcissus,Narcissus,Website,"Pinterest, Instagram",Future article cluster,Idea Bank,P3 - someday / parking lot,Evaluate as future article package,Needs topic selection,Codex,None yet,,docs/brands/bloom-whispers/market-research/pinterest-flower-demand-2026-08-10-v3/pinterest-flower-demand-decision-memo-2026-08-10-v3.md,Shortlist topic.,Shortlist topic.,Evergreen,,,,2026-08-10,,,,,,,,,,,,
BW-HQ-129,Pinterest,Topic Cluster,Lily,Lily,Website,"Pinterest, Instagram",Future article cluster,Idea Bank,P3 - someday / parking lot,Evaluate as future article package,Needs topic selection,Codex,None yet,,docs/brands/bloom-whispers/market-research/pinterest-flower-demand-2026-08-10-v3/pinterest-flower-demand-decision-memo-2026-08-10-v3.md,Shortlist topic.,Shortlist topic.,Evergreen,,,,2026-08-10,,,,,,,,,,,,
BW-HQ-130,Pinterest,Topic Cluster,Hyacinth,Hyacinth,Website,"Pinterest, Instagram",Future article cluster,Idea Bank,P3 - someday / parking lot,Evaluate as future article package,Needs topic selection,Codex,None yet,,docs/brands/bloom-whispers/market-research/pinterest-flower-demand-2026-08-10-v3/pinterest-flower-demand-decision-memo-2026-08-10-v3.md,Shortlist topic.,Shortlist topic.,Evergreen,,,,2026-08-10,,,,,,,,,,,,
BW-HQ-140,Etsy,Shop Operations,Review live Etsy listings and early signals,Etsy shop,Etsy,Pinterest,Listing review,Monitoring,P1 - next best move,"Review live listings BW-011, BW-013, BW-014, BW-016, BW-019, BW-020, BW-027 after review dates",Needs Etsy data capture,Etsy agent + Susy,Add review block,,docs/brands/bloom-whispers/market-research/category-opportunity-scorecard-2026-08-14.md,Use as shop-specific dashboard input.,Use as shop-specific dashboard input.,Evergreen,August 2026,,"Capture Etsy views, favorites, sales, and conversion for live listings",2026-08-18,,2026-08-13,"Etsy shop snapshot 2026-08-01 to 2026-08-13: 20 visits, 0 orders, 0 favorites, 1 Etsy-search visit.",,,,,,,,,
BW-HQ-141,Etsy,Product Brief,Sage Botanical Japandi Wall Art Set Of 3,Minimal / Japandi botanical,Etsy,Pinterest,Digital wall art set,Selected,P1 - next best move,Create product brief and design direction if opening a new listing lane,Needs go/no-go from Susy,Etsy agent,Production block,,docs/brands/bloom-whispers/market-research/category-opportunity-scorecard-2026-08-14.md,Recommended next product test.,Recommended next product test.,Evergreen,August 2026,,Give go/no-go on the Sage Botanical Japandi product lane,2026-08-18,,,,,,,,,,,,
BW-HQ-142,Etsy,Inventory Constraint,Hydrangea overproduction hold,Hydrangea,Etsy,Pinterest,Shop constraint,Hold,Hold - deliberately paused,Wait for BW-019/BW-020 review before more hydrangea,Needs review signals,Etsy agent,Review date only,,docs/brands/bloom-whispers/market-research/category-opportunity-scorecard-2026-08-14.md,Do not create more hydrangea yet.,Do not create more hydrangea yet.,Evergreen,,,,2026-08-18,,,,,,,,,,,,
BW-HQ-143,Etsy,Inventory Constraint,Poppy/dark botanical overproduction hold,Poppy / dark botanical,Etsy,Pinterest,Shop constraint,Hold,Hold - deliberately paused,Review existing poppy inventory before more poppy designs,Needs review signals,Etsy agent,Review date only,,docs/brands/bloom-whispers/market-research/category-opportunity-scorecard-2026-08-14.md,"Dark botanical still strong, but poppy is heavy.","Dark botanical still strong, but poppy is heavy.",Evergreen,,,,2026-08-18,,,,,,,,,,,,
BW-HQ-144,Etsy,Product Queue,Nursery/hydrangea draft set,Nursery / hydrangea,Etsy,Pinterest,Draft listings,In Production,P2 - strong backlog,Publish or final-QA one nursery listing before new nursery concepts,Needs draft review,Etsy agent,Production block,,docs/brands/bloom-whispers/market-research/category-opportunity-scorecard-2026-08-14.md,"Existing draft inventory BW-021, BW-022, BW-026.","Existing draft inventory BW-021, BW-022, BW-026.",Evergreen,August 2026,,,2026-08-18,,,,,,,,,,,,
BW-HQ-145,Etsy,Product Queue,Junk journal ephemera BW-004 revision,Printable packs,Etsy,Pinterest,Digital printable,Hold,Hold - deliberately paused,Fix only after wall-art cadence stabilizes,Revision-heavy,Etsy agent,None yet,,docs/brands/bloom-whispers/market-research/category-opportunity-scorecard-2026-08-14.md,Not fastest path right now.,Not fastest path right now.,Evergreen,,,,2026-08-18,,,,,,,,,,,,
BW-HQ-150,Podcast / YouTube,Video / Episode,Dahlia Meaning Before Sleep,Dahlia,YouTube,"Podcast, Website",Whispered meaning,Selected,P2 - strong backlog,Research angle and create script packet,Needs script packet,Codex + Susy,Recording/script block,,outputs/bloom-whispers-airtable-pilot/01-videos.csv,"Selected high-priority pilot, not started.","Selected high-priority pilot, not started.",Evergreen,,,,2026-07-13,,,,,,,,,,,,
BW-HQ-151,Podcast / YouTube,Video / Episode,Dahlia Rain: Dark Floral Lofi For Sleep,Dahlia,YouTube,Podcast,Sleep soundscape,Selected,P2 - strong backlog,Create sonic palette and Suno prompts,Needs sonic direction,Codex + Susy,Music production block,,outputs/bloom-whispers-airtable-pilot/01-videos.csv,"Selected high-priority pilot, not started.","Selected high-priority pilot, not started.",Evergreen,,,,2026-07-13,,,,,,,,,,,,
BW-HQ-152,Podcast / YouTube,Episode,The Wish That Learned To Fly,Dandelion,Podcast,"YouTube, Website",Short audio story,Idea Bank,P2 - strong backlog,Hold until Dandelion article or IG pilot is produced,Needs content anchor,Codex + Susy,None yet,,docs/brands/bloom-whispers/dandelion-research-dossier-2026-08-09.md,Podcast potential from dossier.,Podcast potential from dossier.,Evergreen,,,,2026-08-09,,,,,,,,,,,,
BW-HQ-153,Podcast / YouTube,Episode,The Flower That Named A Tiny Universe,Cosmos,Podcast,"YouTube, Website",Short audio story,Idea Bank,P3 - someday / parking lot,Hold until Cosmos article direction is approved,Needs content anchor,Codex + Susy,None yet,,docs/brands/bloom-whispers/cosmos-research-dossier-2026-08-09.md,Podcast potential from dossier.,Podcast potential from dossier.,Evergreen,,,,2026-08-09,,,,,,,,,,,,
BW-HQ-154,Podcast / YouTube,Episode,Marigold: The Flower That Makes A Path Home,Marigold,Podcast,"Website, Instagram",Short audio story,Idea Bank,P3 - someday / parking lot,Consider after Marigold article repurpose plan,Needs audio decision,Codex + Susy,None yet,,docs/brands/bloom-whispers/marigold-research-dossier-2026-06-08.md,Audio-worthy but not urgent.,Audio-worthy but not urgent.,Evergreen,,,,2026-08-13,,,,,,,,,,,,
BW-HQ-200,Published Baseline,Article,"Queen Anne's Lace Meaning: Why This Delicate Flower Carries Blood, Beauty, And Warning",Queen Anne's Lace,Website,"Pinterest, Instagram",Pillar article,Published,Done - published or implemented,Monitor and repurpose into IG/Pinterest satellites,,Codex,Review/repurpose block,https://bloomwhispers.com/queen-annes-lace-meaning/,apps/bloom-whispers/lib/journalPosts.ts,Implemented site content.,Implemented site content.,Evergreen,,2026-06-09,,2026-08-14,2026-06-09,,,,,,,,,,,
BW-HQ-201,Published Baseline,Article,Marigold Meaning: 7 Things That Will Surprise You,Marigold,Website,"Pinterest, Instagram",Pillar article,Published,Done - published or implemented,Monitor and repurpose into IG/Pinterest satellites,,Codex,Review/repurpose block,https://bloomwhispers.com/marigold-meaning/,apps/bloom-whispers/lib/journalPosts.ts,Implemented site content.,Implemented site content.,Evergreen,,2026-08-12,,2026-08-14,2026-08-12,,,,,,,,,,,
BW-HQ-202,Published Baseline,Article,20 Beautiful Language Of Flowers Books For Flower Lovers,Language of Flowers books,Website,"Pinterest, Affiliate",Affiliate roundup,Published,Done - published or implemented,Monitor performance and repurpose,,Codex,Review/repurpose block,https://bloomwhispers.com/language-of-flowers-books/,apps/bloom-whispers/lib/journalPosts.ts,Executed P01 roundup.,Executed P01 roundup.,Evergreen,,2026-08-14,,2026-08-14,2026-08-14,,,,,,Affiliate clicks and useful book discovery,,,Language of flowers book roundup,Missing book/article images,
BW-HQ-203,Published Baseline,Interactive,What Flower Message Do You Need Right Now?,Quiz,Website,"Instagram, Email",Quiz,Published,Done - published or implemented,Wire real email capture and analytics as separate tasks,,Codex,Review block,https://bloomwhispers.com/flower-message-quiz/,apps/bloom-whispers/app/flower-message-quiz/page.tsx,V1 quiz is live in app.,V1 quiz is live in app.,Evergreen,,,,2026-05-26,,,,,,,,,,,,
BW-HQ-204,Published Baseline,Archive,Migrated Bloom Whispers journal archive,Existing WordPress migration,Website,Pinterest,Migrated posts,Published,Done - published or implemented,Audit old posts only when selected for recovery or repurpose,,Codex,None,https://bloomwhispers.com/journal/,apps/bloom-whispers/lib/journalPosts.ts,Do not let old archive distract from active queue.,Do not let old archive distract from active queue.,Evergreen,,,,2026-08-14,,,,,,,,,,,,
BW-HQ-146,Etsy,Listing,BW-018 Hydrangea Fence,Hydrangea / coastal botanical,Etsy,Pinterest,Digital wall art listing,Published,Done - published or implemented,Review performance on 2026-08-25 and compare with BW-017 before creating a coastal trio,,Etsy agent + Susy,Review 2026-08-25,,docs/brands/bloom-whispers/market-research/category-opportunity-scorecard-2026-08-14.md,Latest known Etsy listing from the repo scorecard.,Latest known Etsy listing from the repo scorecard; use for last-posted baseline and review cadence.,Evergreen,August 2026,2026-08-18,,2026-08-18,2026-08-18,2026-08-18,,,,,,,,,,
BW-HQ-205,Published Baseline,Article,"Spider Lily Colors & Meanings: Red, White, Pink, Yellow (and What You’re Actually Looking At)",Spider Lily,Blog,"Pinterest, Instagram",Published article,Published,Done - published or implemented,"Monitor, optimize, and decide whether to repurpose.",,Codex,Review/optimization block,https://bloomwhispers.com/spider-lily-colors-meanings/,apps/bloom-whispers/lib/journalPosts.ts,Imported from current Bloom Whispers journal archive.,If you’ve ever searched “Spider Lily Colors & Meanings” and left more confused than when you started… you’re not imagining it.,Evergreen,,2026-03-23,,2026-03-24,2026-03-23,2026-08-19,,,Flower meanings,Bloom Whispers readers,Use as published archive baseline for optimization and repurposing decisions.,,,,,,,,
BW-HQ-206,Published Baseline,Article,Spider Lily in Anime & Pop Culture: Why Higanbana Shows Up So Often,Spider Lily,Blog,"Pinterest, Instagram",Published article,Published,Done - published or implemented,"Monitor, optimize, and decide whether to repurpose.",,Codex,Review/optimization block,https://bloomwhispers.com/spider-lily-in-anime/,apps/bloom-whispers/lib/journalPosts.ts,Imported from current Bloom Whispers journal archive.,"If you’ve watched enough anime, you’ve probably felt this without anyone saying it out loud:",Evergreen,,2026-03-23,,2026-03-23,2026-03-23,2026-08-19,,,Flower meanings,Bloom Whispers readers,Use as published archive baseline for optimization and repurposing decisions.,,,,,,,,
BW-HQ-207,Published Baseline,Article,12 Spider Lily Floral Arrangement Ideas (That Feel Like Autumn Magic),Spider Lily,Blog,"Pinterest, Instagram",Published article,Published,Done - published or implemented,"Monitor, optimize, and decide whether to repurpose.",,Codex,Review/optimization block,https://bloomwhispers.com/spider-lily-floral-arrangement-ideas/,apps/bloom-whispers/lib/journalPosts.ts,Imported from current Bloom Whispers journal archive.,Looking for Spider Lily Floral Arrangement Ideas? Spider lilies are one of those flowers that don’t politely “blend in.” They arrive .…,Evergreen,,2026-03-23,,2026-03-23,2026-03-23,2026-08-19,,,Flower meanings,Bloom Whispers readers,Use as published archive baseline for optimization and repurposing decisions.,,,,,,,,
BW-HQ-208,Published Baseline,Article,"Higanbana in Japan: Red Spider Lily Symbolism, Ohigan Traditions, and Autumn Bloom Magic",Spider Lily,Blog,"Pinterest, Instagram",Published article,Published,Done - published or implemented,"Monitor, optimize, and decide whether to repurpose.",,Codex,Review/optimization block,https://bloomwhispers.com/red-spider-lily-symbolism/,apps/bloom-whispers/lib/journalPosts.ts,Imported from current Bloom Whispers journal archive.,"Red spider lily symbolism in Japan is deeply tied to the flower’s timing, its connection to Ohigan, and the reflective mood of the autumn equinox.",Evergreen,,2026-03-19,,2026-03-23,2026-03-19,2026-08-19,,,Flower meanings,Bloom Whispers readers,Use as published archive baseline for optimization and repurposing decisions.,,,,,,,,
BW-HQ-209,Published Baseline,Article,"10 Ways the World Uses the Hibiscus Flower for Energy, Beauty & Balance",Hibiscus,Blog,"Pinterest, Instagram",Published article,Published,Done - published or implemented,"Monitor, optimize, and decide whether to repurpose.",,Codex,Review/optimization block,https://bloomwhispers.com/hibiscus-flower-uses/,apps/bloom-whispers/lib/journalPosts.ts,Imported from current Bloom Whispers journal archive.,"10 Hibiscus Flower Uses flower for beauty, energy, and balance from Indian hair oils to Egyptian teas and Jamaican sorrel traditions.",Evergreen,,2025-10-29,,2026-02-14,2025-10-29,2026-08-19,,,Edible flower content,Bloom Whispers readers,Use as published archive baseline for optimization and repurposing decisions.,,,,,,,,
BW-HQ-210,Published Baseline,Article,"The Story of The Hibiscus Flower: Meaning, Symbolism, and Benefits All in One Bloom",Hibiscus,Blog,"Pinterest, Instagram",Published article,Published,Done - published or implemented,"Monitor, optimize, and decide whether to repurpose.",,Codex,Review/optimization block,https://bloomwhispers.com/hibiscus-flower-meaning/,apps/bloom-whispers/lib/journalPosts.ts,Imported from current Bloom Whispers journal archive.,"Discover the hibiscus flower’s meaning, varieties, and benefits—from tea and recipes to rituals and symbolism",Evergreen,,2025-10-28,,2025-10-28,2025-10-28,2026-08-19,,,Flower meanings,Bloom Whispers readers,Use as published archive baseline for optimization and repurposing decisions.,,,,,,,,
BW-HQ-211,Published Baseline,Article,Flower Recipes: 7 Delicious Ways to Use Dried Hibiscus Flowers,Hibiscus,Blog,"Pinterest, Instagram",Published article,Published,Done - published or implemented,"Monitor, optimize, and decide whether to repurpose.",,Codex,Review/optimization block,https://bloomwhispers.com/hibiscusflower-recipe/,apps/bloom-whispers/lib/journalPosts.ts,Imported from current Bloom Whispers journal archive.,"Most people know hibiscus for its tart ruby tea. Agua de Jamaica in Mexico, Karkadeh in Egypt, Zobo in Nigeria.…",Evergreen,,2025-10-28,,2025-10-28,2025-10-28,2026-08-19,,,Edible flower content,Bloom Whispers readers,Use as published archive baseline for optimization and repurposing decisions.,,,,,,,,
BW-HQ-212,Published Baseline,Article,5 min Hibiscus Chamoy Recipe: The Best Sweet-Heat Sauce You’ll Ever Make,Hibiscus,Blog,"Pinterest, Instagram",Published article,Published,Done - published or implemented,"Monitor, optimize, and decide whether to repurpose.",,Codex,Review/optimization block,https://bloomwhispers.com/5-min-hibiscus-chamoy-recipe/,apps/bloom-whispers/lib/journalPosts.ts,Imported from current Bloom Whispers journal archive.,"Easy 5-minute Hibiscus Recipe! This hibiscus chamoy recipe is tangy, spicy, antioxidant-rich, and naturally stunning — no food dye needed.",Evergreen,,2025-10-27,,2025-10-27,2025-10-27,2026-08-19,,,Edible flower content,Bloom Whispers readers,Use as published archive baseline for optimization and repurposing decisions.,,,,,,,,
BW-HQ-213,Published Baseline,Article,7 Proven Benefits of the Hibiscus Flower for Hair and Skin,Hibiscus,Blog,"Pinterest, Instagram",Published article,Published,Done - published or implemented,"Monitor, optimize, and decide whether to repurpose.",,Codex,Review/optimization block,https://bloomwhispers.com/hibiscus-flower-benefits/,apps/bloom-whispers/lib/journalPosts.ts,Imported from current Bloom Whispers journal archive.,Discover the benefits of the hibiscus flower for hair and skin. From boosting growth and shine to soothing inflammation.,Evergreen,,2025-10-27,,2026-02-10,2025-10-27,2026-08-19,,,Flower profiles,Bloom Whispers readers,Use as published archive baseline for optimization and repurposing decisions.,,,,,,,,
BW-HQ-214,Published Baseline,Guide,20+ Edible Flowers for Cake Decoration That Steal the Show,Edible Flowers,Blog,"Pinterest, Instagram",Published article,Published,Done - published or implemented,"Monitor, optimize, and decide whether to repurpose.",,Codex,Review/optimization block,https://bloomwhispers.com/edible-flowers-for-cakes/,apps/bloom-whispers/lib/journalPosts.ts,Imported from current Bloom Whispers journal archive.,"Discover the best edible flowers for cakes to add beauty, flavor, and elegance to your desserts. Perfect for any occasion!",Evergreen,,2025-02-19,,2026-02-10,2025-02-19,2026-08-19,,,Flower guides,Bloom Whispers readers,Use as published archive baseline for optimization and repurposing decisions.,,,,,,,,
BW-HQ-215,Published Baseline,Podcast episode article,Understanding the Essence of Flowers with Botanist Roxana Khoshravesh,Botany / Flower meaning,Podcast,"Blog, Pinterest",Podcast/archive article,Published,Done - published or implemented,Monitor archive value and decide whether to repurpose.,,Codex,Review/optimization block,https://bloomwhispers.com/what-are-flowers/,apps/bloom-whispers/lib/journalPosts.ts,Imported from current Bloom Whispers journal archive.,"Discover the beauty of flowers their roles in our lives, and the importance of nurturing our appreciation for nature.",Evergreen,,2024-09-24,,2024-09-24,2024-09-24,2026-08-19,,,Podcast archive,Bloom Whispers readers,Use as podcast archive baseline when repurposing is selected.,,,,,,,,
BW-HQ-216,Published Baseline,Podcast episode article,Flower Therapy: Harnessing the Healing Power of Flowers,Flower Therapy,Podcast,"Blog, Pinterest",Podcast/archive article,Published,Done - published or implemented,Monitor archive value and decide whether to repurpose.,,Codex,Review/optimization block,https://bloomwhispers.com/flower-therapy-healing-power-of-flowers/,apps/bloom-whispers/lib/journalPosts.ts,Imported from current Bloom Whispers journal archive.,"Yvette Timmins, a florist and energy healer, about the healing powers of flowers like sunflowers and roses. Flower therapy",Evergreen,,2024-09-24,,2024-09-24,2024-09-24,2026-08-19,,,Podcast archive,Bloom Whispers readers,Use as podcast archive baseline when repurposing is selected.,,,,,,,,
BW-HQ-217,Published Baseline,Podcast episode article,Forest Therapy with Elizabeth Mintun: The Healing Power of Nature,Forest Therapy,Podcast,"Blog, Pinterest",Podcast/archive article,Published,Done - published or implemented,Monitor archive value and decide whether to repurpose.,,Codex,Review/optimization block,https://bloomwhispers.com/the-healing-power-of-forest-therapy/,apps/bloom-whispers/lib/journalPosts.ts,Imported from current Bloom Whispers journal archive.,"Discover how nature can enhance mental wellness, the origins of this therapeutic approach, and practical tips to start with forest therapy",Evergreen,,2024-09-24,,2024-09-24,2024-09-24,2026-08-19,,,Podcast archive,Bloom Whispers readers,Use as podcast archive baseline when repurposing is selected.,,,,,,,,
BW-HQ-218,Published Baseline,Podcast episode article,Flower Frequencies: Laura Ashley Explores The Healing Power of Flower Energy,Flower Energy,Podcast,"Blog, Pinterest",Podcast/archive article,Published,Done - published or implemented,Monitor archive value and decide whether to repurpose.,,Codex,Review/optimization block,https://bloomwhispers.com/flower-energy/,apps/bloom-whispers/lib/journalPosts.ts,Imported from current Bloom Whispers journal archive.,Discover the healing power of flower energy with Laura Ashley on Bloom Whispers. Transform your well-being with tips on using flower essences,Evergreen,,2024-09-23,,2024-09-23,2024-09-23,2026-08-19,,,Podcast archive,Bloom Whispers readers,Use as podcast archive baseline when repurposing is selected.,,,,,,,,
BW-HQ-219,Published Baseline,Podcast episode article,Exploring The Healing Properties of Flowers,Flower Healing,Podcast,"Blog, Pinterest",Podcast/archive article,Published,Done - published or implemented,Monitor archive value and decide whether to repurpose.,,Codex,Review/optimization block,https://bloomwhispers.com/healing-properties-of-flowers/,apps/bloom-whispers/lib/journalPosts.ts,Imported from current Bloom Whispers journal archive.,"Explore the healing properties of flowers with herbalist Amelia South. Get insights into chamomile, roses, violets, calendula, and bee balm.",Evergreen,,2024-04-05,,2024-09-23,2024-04-05,2026-08-19,,,Podcast archive,Bloom Whispers readers,Use as podcast archive baseline when repurposing is selected.,,,,,,,,
BW-HQ-220,Published Baseline,Podcast episode article,The Lotus Flower Meaning: Healing & Creativity,Lotus,Podcast,"Blog, Pinterest",Podcast/archive article,Published,Done - published or implemented,Monitor archive value and decide whether to repurpose.,,Codex,Review/optimization block,https://bloomwhispers.com/lotus-flower-meaning/,apps/bloom-whispers/lib/journalPosts.ts,Imported from current Bloom Whispers journal archive.,"Discover the profound meaning of the lotus flower, dive into a spiritual awakening journey, and embrace mindfulness.",Evergreen,,2021-05-30,,2024-09-23,2021-05-30,2026-08-19,,,Podcast archive,Bloom Whispers readers,Use as podcast archive baseline when repurposing is selected.,,,,,,,,
BW-HQ-221,Etsy,Listing,BW-011 Folk Flower Day and Night Prints,Folk flower / day-night prints,Etsy,Pinterest,Digital wall art listing,Published,Done - published or implemented,Capture live Etsy URL and first review metrics for BW-011.,,Etsy agent + Susy,Review 2026-08-17,,docs/brands/bloom-whispers/market-research/category-opportunity-scorecard-2026-08-14.md,Live listing imported from the Etsy category opportunity scorecard; public URL still needs capture if blank.,BW-011 Folk Flower Day and Night Prints is listed as live in the Etsy scorecard with first review due 2026-08-17.,Evergreen,August 2026,2026-08-10,,2026-08-19,2026-08-10,2026-08-19,,,Etsy live listings,Etsy shoppers,"Track listing-level views, favorites, sales, conversion, and optimization timing.",,,,,,,,
BW-HQ-222,Etsy,Listing,BW-013 Moody Poppies Poster,Poppy / dark botanical,Etsy,Pinterest,Digital wall art listing,Published,Done - published or implemented,Capture live Etsy URL and first review metrics for BW-013.,,Etsy agent + Susy,Review 2026-08-18,,docs/brands/bloom-whispers/market-research/category-opportunity-scorecard-2026-08-14.md,Live listing imported from the Etsy category opportunity scorecard; public URL still needs capture if blank.,BW-013 Moody Poppies Poster is listed as live in the Etsy scorecard with first review due 2026-08-18.,Evergreen,August 2026,2026-08-11,,2026-08-19,2026-08-11,2026-08-19,,,Etsy live listings,Etsy shoppers,"Track listing-level views, favorites, sales, conversion, and optimization timing.",,,,,,,,
BW-HQ-223,Etsy,Listing,BW-014 Calm Wreath,Minimal / calm floral,Etsy,Pinterest,Digital wall art listing,Published,Done - published or implemented,Capture live Etsy URL and first review metrics for BW-014.,,Etsy agent + Susy,Review 2026-08-16,,docs/brands/bloom-whispers/market-research/category-opportunity-scorecard-2026-08-14.md,Live listing imported from the Etsy category opportunity scorecard; public URL still needs capture if blank.,BW-014 Calm Wreath is listed as live in the Etsy scorecard with first review due 2026-08-16.,Evergreen,August 2026,2026-08-09,,2026-08-19,2026-08-09,2026-08-19,,,Etsy live listings,Etsy shoppers,"Track listing-level views, favorites, sales, conversion, and optimization timing.",,,,,,,,
BW-HQ-224,Etsy,Listing,BW-016 Calla Lily Slow Down,Calla lily / calm floral,Etsy,Pinterest,Digital wall art listing,Published,Done - published or implemented,Capture live Etsy URL and first review metrics for BW-016.,,Etsy agent + Susy,Review 2026-08-15,,docs/brands/bloom-whispers/market-research/category-opportunity-scorecard-2026-08-14.md,Live listing imported from the Etsy category opportunity scorecard; public URL still needs capture if blank.,BW-016 Calla Lily Slow Down is listed as live in the Etsy scorecard with first review due 2026-08-15.,Evergreen,August 2026,2026-08-08,,2026-08-19,2026-08-08,2026-08-19,,,Etsy live listings,Etsy shoppers,"Track listing-level views, favorites, sales, conversion, and optimization timing.",,,,,,,,
BW-HQ-225,Etsy,Listing,BW-019 Hydrangea Watercolor Citrus,Hydrangea / kitchen citrus,Etsy,Pinterest,Digital wall art listing,Published,Done - published or implemented,Capture live Etsy URL and first review metrics for BW-019.,,Etsy agent + Susy,Review 2026-08-19,,docs/brands/bloom-whispers/market-research/category-opportunity-scorecard-2026-08-14.md,Live listing imported from the Etsy category opportunity scorecard; public URL still needs capture if blank.,BW-019 Hydrangea Watercolor Citrus is listed as live in the Etsy scorecard with first review due 2026-08-19.,Evergreen,August 2026,2026-08-12,,2026-08-19,2026-08-12,2026-08-19,,,Etsy live listings,Etsy shoppers,"Track listing-level views, favorites, sales, conversion, and optimization timing.",,,,,,,,
BW-HQ-226,Etsy,Listing,BW-020 Hydrangea Dopamine Decor,Hydrangea / dopamine decor,Etsy,Pinterest,Digital wall art listing,Published,Done - published or implemented,Review BW-020 first signal; this listing URL was recorded in the scorecard SERP evidence.,,Etsy agent + Susy,Review 2026-08-20,https://www.etsy.com/ca/listing/4554282620/colorful-hydrangea-wall-art-print,docs/brands/bloom-whispers/market-research/category-opportunity-scorecard-2026-08-14.md,Live listing imported from the Etsy category opportunity scorecard; public URL still needs capture if blank.,BW-020 Hydrangea Dopamine Decor is listed as live in the Etsy scorecard with first review due 2026-08-20.,Evergreen,August 2026,2026-08-13,,2026-08-19,2026-08-13,2026-08-19,,,Etsy live listings,Etsy shoppers,"Track listing-level views, favorites, sales, conversion, and optimization timing.",,,,,,,,
BW-HQ-227,Etsy,Listing,BW-027 Poppy Dark Academia and Moth,Poppy / dark academia,Etsy,Pinterest,Digital wall art listing,Published,Done - published or implemented,Capture live Etsy URL and first review metrics for BW-027.,,Etsy agent + Susy,Review 2026-08-21,,docs/brands/bloom-whispers/market-research/category-opportunity-scorecard-2026-08-14.md,Live listing imported from the Etsy category opportunity scorecard; public URL still needs capture if blank.,BW-027 Poppy Dark Academia and Moth is listed as live in the Etsy scorecard with first review due 2026-08-21.,Evergreen,August 2026,2026-08-14,,2026-08-19,2026-08-14,2026-08-19,,,Etsy live listings,Etsy shoppers,"Track listing-level views, favorites, sales, conversion, and optimization timing.",,,,,,,,
